date,o,h,l,c,resistencia,soporte
2020-01-08 07:04:00,1.1148099999999999,1.1148799999999999,1.114735,1.114805,,
2020-01-08 07:05:00,1.1148799999999999,1.1149550000000001,1.1148,1.114945,,
2020-01-08 07:06:00,1.1149900000000001,1.115035,1.114875,1.11501,,
2020-01-08 07:07:00,1.1151,1.1151849999999999,1.11496,1.1151849999999999,,
2020-01-08 07:08:00,1.1151849999999999,1.1151900000000001,1.11511,1.1151849999999999,,
2020-01-08 07:09:00,1.115275,1.11536,1.11514,1.115345,,
2020-01-08 07:10:00,1.115415,1.115485,1.1153149999999998,1.115415,,
2020-01-08 07:11:00,1.11543,1.115435,1.11458,1.11458,,
2020-01-08 07:12:00,1.11478,1.1149900000000001,1.1145749999999999,1.1149049999999998,,
2020-01-08 07:13:00,1.1149399999999998,1.1149749999999998,1.114765,1.11494,,
2020-01-08 07:14:00,1.114945,1.114945,1.11477,1.114805,,
2020-01-08 07:15:00,1.1148950000000002,1.1149900000000001,1.114765,1.11497,,
2020-01-08 07:16:00,1.115,1.11502,1.1148799999999999,1.1149149999999999,,
2020-01-08 07:17:00,1.114985,1.115045,1.114925,1.1149900000000001,,
2020-01-08 07:18:00,1.11504,1.115085,1.1149900000000001,1.11504,,
2020-01-08 07:19:00,1.115045,1.11505,1.11448,1.11452,,
2020-01-08 07:20:00,1.11466,1.114805,1.11452,1.11473,,
2020-01-08 07:21:00,1.11473,1.11473,1.1145399999999999,1.1145749999999999,,
2020-01-08 07:22:00,1.114675,1.11478,1.11457,1.1147200000000002,,
2020-01-08 07:23:00,1.1147550000000002,1.114785,1.114625,1.11463,1.115485,1.11448
2020-01-08 07:24:00,1.11471,1.11479,1.11463,1.114745,1.115485,1.11448
2020-01-08 07:25:00,1.1147649999999998,1.11479,1.11462,1.11469,1.115485,1.11448
2020-01-08 07:26:00,1.114725,1.11477,1.11467,1.114765,1.115485,1.11448
2020-01-08 07:27:00,1.114775,1.114775,1.11463,1.114665,1.115485,1.11448
2020-01-08 07:28:00,1.11467,1.114675,1.11448,1.1145749999999999,1.115485,1.11448
2020-01-08 07:29:00,1.1145999999999998,1.114625,1.114475,1.1145100000000001,1.115485,1.114475
2020-01-08 07:30:00,1.1146850000000001,1.114875,1.1145,1.1148099999999999,1.115435,1.114475
2020-01-08 07:31:00,1.11482,1.1148250000000002,1.11466,1.11477,1.115085,1.114475
2020-01-08 07:32:00,1.114785,1.114805,1.114675,1.11471,1.115085,1.114475
2020-01-08 07:33:00,1.11475,1.114775,1.114625,1.11471,1.115085,1.114475
2020-01-08 07:34:00,1.1147200000000002,1.1147200000000002,1.11462,1.1146850000000001,1.115085,1.114475
2020-01-08 07:35:00,1.11469,1.11469,1.114325,1.11448,1.115085,1.114325
2020-01-08 07:36:00,1.1145,1.114525,1.114455,1.114505,1.115085,1.114325
2020-01-08 07:37:00,1.1146150000000001,1.114735,1.114505,1.114735,1.115085,1.114325
2020-01-08 07:38:00,1.114805,1.114875,1.114725,1.11483,1.11505,1.114325
2020-01-08 07:39:00,1.114835,1.11484,1.114725,1.114835,1.114875,1.114325
2020-01-08 07:40:00,1.1148500000000001,1.114865,1.1147550000000002,1.11484,1.114875,1.114325
2020-01-08 07:41:00,1.1149,1.11497,1.11477,1.11487,1.11497,1.114325
2020-01-08 07:42:00,1.114945,1.11501,1.114875,1.1149149999999999,1.11501,1.114325
2020-01-08 07:43:00,1.11499,1.11507,1.11482,1.115015,1.11507,1.114325
2020-01-08 07:44:00,1.11509,1.115165,1.1149749999999998,1.115075,1.115165,1.114325
2020-01-08 07:45:00,1.1151499999999999,1.1152250000000001,1.1150449999999998,1.11518,1.1152250000000001,1.114325
2020-01-08 07:46:00,1.115225,1.115275,1.11517,1.115205,1.115275,1.114325
2020-01-08 07:47:00,1.115265,1.115325,1.1152000000000002,1.115305,1.115325,1.114325
2020-01-08 07:48:00,1.115345,1.115375,1.1152,1.11527,1.115375,1.114325
2020-01-08 07:49:00,1.11527,1.11527,1.11517,1.1152199999999999,1.115375,1.114325
2020-01-08 07:50:00,1.1152600000000001,1.11531,1.115205,1.115275,1.115375,1.114325
2020-01-08 07:51:00,1.115345,1.11541,1.115275,1.11536,1.11541,1.114325
2020-01-08 07:52:00,1.11539,1.11543,1.1153149999999998,1.1154099999999998,1.11543,1.114325
2020-01-08 07:53:00,1.1154449999999998,1.11547,1.115375,1.11541,1.11547,1.114325
2020-01-08 07:54:00,1.11544,1.11547,1.11528,1.115305,1.11547,1.114325
2020-01-08 07:55:00,1.11531,1.1153149999999998,1.11517,1.115215,1.11547,1.114455
2020-01-08 07:56:00,1.115215,1.1152250000000001,1.115065,1.1151749999999998,1.11547,1.114505
2020-01-08 07:57:00,1.115195,1.1152199999999999,1.115075,1.1151499999999999,1.11547,1.114725
2020-01-08 07:58:00,1.1152199999999999,1.11528,1.1151,1.115215,1.11547,1.114725
2020-01-08 07:59:00,1.115215,1.115215,1.11506,1.115125,1.11547,1.1147550000000002
2020-01-08 08:00:00,1.11523,1.115325,1.11507,1.115115,1.11547,1.11477
2020-01-08 08:01:00,1.11516,1.115205,1.1150449999999998,1.11506,1.11547,1.11482
2020-01-08 08:02:00,1.11509,1.1151200000000001,1.1149049999999998,1.114965,1.11547,1.11482
2020-01-08 08:03:00,1.11499,1.115005,1.11486,1.11497,1.11547,1.11486
2020-01-08 08:04:00,1.11497,1.11497,1.11469,1.1147200000000002,1.11547,1.11469
2020-01-08 08:05:00,1.11484,1.1149749999999998,1.11471,1.1149499999999999,1.11547,1.11469
2020-01-08 08:06:00,1.11503,1.11511,1.11491,1.1149749999999998,1.11547,1.11469
2020-01-08 08:07:00,1.115095,1.11521,1.1149749999999998,1.115205,1.11547,1.11469
2020-01-08 08:08:00,1.1152250000000001,1.11525,1.115145,1.11525,1.11547,1.11469
2020-01-08 08:09:00,1.115265,1.11529,1.11511,1.1151499999999999,1.11547,1.11469
2020-01-08 08:10:00,1.1151499999999999,1.1151499999999999,1.1150449999999998,1.115055,1.11547,1.11469
2020-01-08 08:11:00,1.115055,1.115055,1.114935,1.1149900000000001,1.11547,1.11469
2020-01-08 08:12:00,1.115015,1.11503,1.114845,1.114855,1.11547,1.11469
2020-01-08 08:13:00,1.114875,1.1149049999999998,1.11313,1.114185,1.11547,1.11313
2020-01-08 08:14:00,1.11428,1.11437,1.11412,1.114285,1.115325,1.11313
2020-01-08 08:15:00,1.11433,1.114375,1.1142150000000002,1.1142949999999998,1.115325,1.11313
2020-01-08 08:16:00,1.11436,1.11441,1.11415,1.11416,1.115325,1.11313
2020-01-08 08:17:00,1.11416,1.11416,1.1134,1.113435,1.115325,1.11313
2020-01-08 08:18:00,1.113575,1.11371,1.1131250000000001,1.1136949999999999,1.115325,1.1131250000000001
2020-01-08 08:19:00,1.113735,1.11378,1.11347,1.11362,1.115325,1.1131250000000001
2020-01-08 08:20:00,1.11365,1.11368,1.11334,1.11357,1.11529,1.1131250000000001
2020-01-08 08:21:00,1.1136249999999999,1.1136849999999998,1.113505,1.1136050000000002,1.11529,1.1131250000000001
2020-01-08 08:22:00,1.11367,1.113725,1.113565,1.1136050000000002,1.11529,1.1131250000000001
2020-01-08 08:23:00,1.113715,1.11382,1.1136050000000002,1.1137549999999998,1.11529,1.1131250000000001
2020-01-08 08:24:00,1.113805,1.113855,1.11367,1.11372,1.11529,1.1131250000000001
2020-01-08 08:25:00,1.1137299999999999,1.1137299999999999,1.11345,1.113475,1.11529,1.1131250000000001
2020-01-08 08:26:00,1.113545,1.113615,1.113475,1.1135899999999999,1.11529,1.1131250000000001
2020-01-08 08:27:00,1.11364,1.1136849999999998,1.11347,1.11348,1.11529,1.1131250000000001
2020-01-08 08:28:00,1.11358,1.11368,1.11347,1.11365,1.11529,1.1131250000000001
2020-01-08 08:29:00,1.1137299999999999,1.11381,1.113515,1.11376,1.1151499999999999,1.1131250000000001
2020-01-08 08:30:00,1.113765,1.113765,1.11354,1.11361,1.115055,1.1131250000000001
2020-01-08 08:31:00,1.11367,1.1137350000000001,1.11361,1.11367,1.11503,1.1131250000000001
2020-01-08 08:32:00,1.11367,1.11367,1.113435,1.1134849999999998,1.1149049999999998,1.1131250000000001
2020-01-08 08:33:00,1.113525,1.113555,1.113435,1.11349,1.11441,1.1131250000000001
2020-01-08 08:34:00,1.1135549999999999,1.11361,1.11341,1.113495,1.11441,1.1131250000000001
2020-01-08 08:35:00,1.113515,1.11353,1.1133449999999998,1.1134149999999998,1.11441,1.1131250000000001
2020-01-08 08:36:00,1.113475,1.113525,1.113115,1.113115,1.11416,1.113115
2020-01-08 08:37:00,1.1131350000000002,1.1131600000000001,1.113015,1.1131449999999998,1.113855,1.113015
2020-01-08 08:38:00,1.113195,1.11324,1.11311,1.113115,1.113855,1.113015
2020-01-08 08:39:00,1.1131950000000002,1.1132849999999999,1.1130749999999998,1.1132849999999999,1.113855,1.113015
2020-01-08 08:40:00,1.11334,1.11338,1.11326,1.1133449999999998,1.113855,1.113015
2020-01-08 08:41:00,1.113365,1.113375,1.1131449999999998,1.11317,1.113855,1.113015
2020-01-08 08:42:00,1.113285,1.113385,1.113175,1.1133449999999998,1.113855,1.113015
2020-01-08 08:43:00,1.113375,1.1133899999999999,1.11331,1.11338,1.113855,1.113015
2020-01-08 08:44:00,1.11347,1.11357,1.11335,1.1135350000000002,1.11381,1.113015
2020-01-08 08:45:00,1.113545,1.11355,1.11341,1.1134849999999998,1.11381,1.113015
2020-01-08 08:46:00,1.11351,1.113525,1.11337,1.113445,1.11381,1.113015
2020-01-08 08:47:00,1.1135350000000002,1.113625,1.1134300000000001,1.11362,1.11381,1.113015
2020-01-08 08:48:00,1.113645,1.1136849999999998,1.113545,1.1136499999999998,1.11381,1.113015
2020-01-08 08:49:00,1.113675,1.1136849999999998,1.113625,1.1136750000000002,1.113765,1.113015
2020-01-08 08:50:00,1.11371,1.11374,1.113615,1.113615,1.11374,1.113015
2020-01-08 08:51:00,1.113615,1.113615,1.113505,1.11355,1.11374,1.113015
2020-01-08 08:52:00,1.1135549999999999,1.11357,1.113445,1.11354,1.11374,1.113015
2020-01-08 08:53:00,1.113575,1.1136050000000002,1.1134849999999998,1.1134849999999998,1.11374,1.113015
2020-01-08 08:54:00,1.11354,1.1135899999999999,1.11349,1.113565,1.11374,1.113015
2020-01-08 08:55:00,1.113605,1.11364,1.11345,1.11362,1.11374,1.113015
2020-01-08 08:56:00,1.1136300000000001,1.113655,1.113505,1.113515,1.11374,1.113015
2020-01-08 08:57:00,1.11353,1.11354,1.11341,1.113445,1.11374,1.1130749999999998
2020-01-08 08:58:00,1.113455,1.1134650000000001,1.11341,1.1134650000000001,1.11374,1.1130749999999998
2020-01-08 08:59:00,1.113505,1.1135549999999999,1.11345,1.11349,1.11374,1.1131449999999998
2020-01-08 09:00:00,1.113525,1.11355,1.11348,1.11351,1.11374,1.1131449999999998
2020-01-08 09:01:00,1.1135350000000002,1.113555,1.1133,1.113305,1.11374,1.113175
2020-01-08 09:02:00,1.113305,1.113315,1.11311,1.11313,1.11374,1.11311
2020-01-08 09:03:00,1.1132300000000002,1.1133350000000002,1.11311,1.113305,1.11374,1.11311
2020-01-08 09:04:00,1.11331,1.11331,1.11311,1.1131950000000002,1.11374,1.11311
2020-01-08 09:05:00,1.113235,1.113275,1.11317,1.1132650000000002,1.11374,1.11311
2020-01-08 09:06:00,1.113315,1.113365,1.113225,1.11328,1.11374,1.11311
2020-01-08 09:07:00,1.1133350000000002,1.1134,1.113275,1.1133950000000001,1.11374,1.11311
2020-01-08 09:08:00,1.11342,1.113455,1.113335,1.113385,1.11374,1.11311
2020-01-08 09:09:00,1.1134650000000001,1.113525,1.1133950000000001,1.11345,1.11374,1.11311
2020-01-08 09:10:00,1.113475,1.113515,1.11341,1.1134249999999999,1.113655,1.11311
2020-01-08 09:11:00,1.113445,1.11345,1.11314,1.11317,1.113655,1.11311
2020-01-08 09:12:00,1.11319,1.11321,1.113025,1.113045,1.113655,1.113025
2020-01-08 09:13:00,1.11307,1.113105,1.11273,1.1127349999999998,1.113655,1.11273
2020-01-08 09:14:00,1.112755,1.112775,1.1125349999999998,1.1126749999999999,1.113655,1.1125349999999998
2020-01-08 09:15:00,1.1127500000000001,1.1128300000000002,1.112665,1.11279,1.113655,1.1125349999999998
2020-01-08 09:16:00,1.1128749999999998,1.112935,1.112795,1.11292,1.113555,1.1125349999999998
2020-01-08 09:17:00,1.11294,1.112955,1.1129,1.112915,1.113555,1.1125349999999998
2020-01-08 09:18:00,1.11292,1.112935,1.112835,1.11285,1.113555,1.1125349999999998
2020-01-08 09:19:00,1.112895,1.112935,1.1128550000000001,1.11286,1.113555,1.1125349999999998
2020-01-08 09:20:00,1.1129,1.11294,1.1128200000000001,1.1129,1.113555,1.1125349999999998
2020-01-08 09:21:00,1.1129,1.112905,1.1128,1.1128550000000001,1.113525,1.1125349999999998
2020-01-08 09:22:00,1.1128900000000002,1.1129250000000002,1.1128550000000001,1.112905,1.113525,1.1125349999999998
2020-01-08 09:23:00,1.1129799999999999,1.1130550000000001,1.1129,1.1130499999999999,1.113525,1.1125349999999998
2020-01-08 09:24:00,1.113095,1.11313,1.11304,1.1130499999999999,1.113525,1.1125349999999998
2020-01-08 09:25:00,1.11306,1.11307,1.11301,1.11303,1.113525,1.1125349999999998
2020-01-08 09:26:00,1.1130849999999999,1.113165,1.113005,1.11314,1.113525,1.1125349999999998
2020-01-08 09:27:00,1.113155,1.11317,1.11311,1.113145,1.113525,1.1125349999999998
2020-01-08 09:28:00,1.113245,1.11334,1.113115,1.11331,1.113525,1.1125349999999998
2020-01-08 09:29:00,1.11342,1.113525,1.113305,1.11351,1.113525,1.1125349999999998
2020-01-08 09:30:00,1.11354,1.113585,1.1134149999999998,1.113555,1.113585,1.1125349999999998
2020-01-08 09:31:00,1.1136300000000001,1.11371,1.11354,1.11369,1.11371,1.1125349999999998
2020-01-08 09:32:00,1.1137199999999998,1.1137549999999998,1.113655,1.1137000000000001,1.1137549999999998,1.1125349999999998
2020-01-08 09:33:00,1.11378,1.11385,1.1137000000000001,1.11383,1.11385,1.1125349999999998
2020-01-08 09:34:00,1.113885,1.11394,1.1138050000000002,1.11381,1.11394,1.112665
2020-01-08 09:35:00,1.1138949999999999,1.11398,1.11381,1.1139549999999998,1.11398,1.112795
2020-01-08 09:36:00,1.1140050000000001,1.114065,1.113925,1.11405,1.114065,1.1128
2020-01-08 09:37:00,1.1141100000000002,1.114165,1.114055,1.11415,1.114165,1.1128
2020-01-08 09:38:00,1.1142050000000001,1.11426,1.11414,1.1141999999999999,1.11426,1.1128
2020-01-08 09:39:00,1.114265,1.114325,1.11412,1.114235,1.114325,1.1128
2020-01-08 09:40:00,1.11436,1.11449,1.11422,1.114405,1.11449,1.1128
2020-01-08 09:41:00,1.114425,1.1144599999999998,1.1142949999999998,1.1143049999999999,1.11449,1.1128550000000001
2020-01-08 09:42:00,1.114325,1.1143399999999999,1.11422,1.1142699999999999,1.11449,1.1129
2020-01-08 09:43:00,1.1143,1.11432,1.114245,1.114255,1.11449,1.113005
2020-01-08 09:44:00,1.114255,1.114255,1.1141100000000002,1.11416,1.11449,1.113005
2020-01-08 09:45:00,1.114195,1.1142400000000001,1.11416,1.1141899999999998,1.11449,1.113005
2020-01-08 09:46:00,1.11421,1.114225,1.11412,1.114175,1.11449,1.11311
2020-01-08 09:47:00,1.11418,1.114185,1.11394,1.11398,1.11449,1.113115
2020-01-08 09:48:00,1.114025,1.11408,1.1139649999999999,1.114065,1.11449,1.113305
2020-01-08 09:49:00,1.114065,1.1140750000000001,1.11399,1.1140050000000001,1.11449,1.1134149999999998
2020-01-08 09:50:00,1.114015,1.114015,1.11387,1.1138750000000002,1.11449,1.11354
2020-01-08 09:51:00,1.113975,1.114065,1.11387,1.1140349999999999,1.11449,1.113655
2020-01-08 09:52:00,1.11403,1.11403,1.11394,1.11395,1.11449,1.1137000000000001
2020-01-08 09:53:00,1.1140349999999999,1.114125,1.11395,1.114125,1.11449,1.1138050000000002
2020-01-08 09:54:00,1.11418,1.114225,1.114115,1.1141999999999999,1.11449,1.11381
2020-01-08 09:55:00,1.114215,1.114225,1.11408,1.114185,1.11449,1.11387
2020-01-08 09:56:00,1.114185,1.114185,1.1141299999999998,1.11418,1.11449,1.11387
2020-01-08 09:57:00,1.11417,1.114175,1.1140949999999998,1.1141,1.11449,1.11387
2020-01-08 09:58:00,1.1141100000000002,1.1141100000000002,1.11399,1.11402,1.11449,1.11387
2020-01-08 09:59:00,1.11402,1.1140249999999998,1.113815,1.113835,1.11449,1.113815
2020-01-08 10:00:00,1.11384,1.113855,1.1134300000000001,1.113455,1.1144599999999998,1.1134300000000001
2020-01-08 10:01:00,1.11353,1.11361,1.11342,1.113565,1.1143399999999999,1.11342
2020-01-08 10:02:00,1.1136599999999999,1.1137549999999998,1.1134849999999998,1.11369,1.11432,1.11342
2020-01-08 10:03:00,1.113715,1.11374,1.11358,1.11361,1.114255,1.11342
2020-01-08 10:04:00,1.1136400000000002,1.11367,1.11345,1.113455,1.1142400000000001,1.11342
2020-01-08 10:05:00,1.11354,1.113625,1.113455,1.11362,1.114225,1.11342
2020-01-08 10:06:00,1.1136650000000001,1.1137,1.11344,1.11345,1.114225,1.11342
2020-01-08 10:07:00,1.11347,1.11351,1.1134149999999998,1.1134849999999998,1.114225,1.1134149999999998
2020-01-08 10:08:00,1.11353,1.113575,1.1133950000000001,1.11345,1.114225,1.1133950000000001
2020-01-08 10:09:00,1.1134750000000002,1.113495,1.113405,1.11347,1.114225,1.1133950000000001
2020-01-08 10:10:00,1.113475,1.11349,1.113315,1.1133199999999999,1.114225,1.113315
2020-01-08 10:11:00,1.113405,1.11348,1.1133,1.11338,1.114225,1.1133
2020-01-08 10:12:00,1.1133950000000001,1.11341,1.113295,1.11334,1.114225,1.113295
2020-01-08 10:13:00,1.1133950000000001,1.11345,1.11334,1.11341,1.114225,1.113295
2020-01-08 10:14:00,1.1134,1.1134,1.113245,1.1134,1.114225,1.113245
2020-01-08 10:15:00,1.11342,1.11344,1.11328,1.113365,1.114185,1.113245
2020-01-08 10:16:00,1.1134300000000001,1.1134849999999998,1.1132499999999999,1.113275,1.114175,1.113245
2020-01-08 10:17:00,1.113285,1.113295,1.11304,1.11304,1.1141100000000002,1.11304
2020-01-08 10:18:00,1.1130849999999999,1.1131449999999998,1.113005,1.11314,1.1140249999999998,1.113005
2020-01-08 10:19:00,1.11322,1.113295,1.11313,1.113185,1.113855,1.113005
2020-01-08 10:20:00,1.1131950000000002,1.1132,1.1131449999999998,1.113185,1.1137549999999998,1.113005
2020-01-08 10:21:00,1.113205,1.113225,1.1130749999999998,1.1130900000000001,1.1137549999999998,1.113005
2020-01-08 10:22:00,1.1131,1.11311,1.113035,1.1130749999999998,1.11374,1.113005
2020-01-08 10:23:00,1.1131099999999998,1.11314,1.11304,1.11313,1.1137,1.113005
2020-01-08 10:24:00,1.113135,1.11314,1.1130550000000001,1.1130550000000001,1.1137,1.113005
2020-01-08 10:25:00,1.11306,1.1130650000000002,1.113,1.11301,1.1137,1.113
2020-01-08 10:26:00,1.11305,1.1130849999999999,1.113005,1.1130849999999999,1.113575,1.113
2020-01-08 10:27:00,1.1131799999999998,1.11328,1.1130749999999998,1.1132499999999999,1.113575,1.113
2020-01-08 10:28:00,1.11327,1.11328,1.1132,1.113205,1.113495,1.113
2020-01-08 10:29:00,1.113225,1.113255,1.113045,1.11307,1.11349,1.113
2020-01-08 10:30:00,1.11317,1.11326,1.11306,1.1131950000000002,1.1134849999999998,1.113
2020-01-08 10:31:00,1.11319,1.11319,1.113045,1.1130749999999998,1.1134849999999998,1.113
2020-01-08 10:32:00,1.11309,1.1131,1.11301,1.11303,1.1134849999999998,1.113
2020-01-08 10:33:00,1.11308,1.11313,1.112915,1.113125,1.1134849999999998,1.112915
2020-01-08 10:34:00,1.1131199999999999,1.1131199999999999,1.11301,1.11306,1.1134849999999998,1.112915
2020-01-08 10:35:00,1.113065,1.1130849999999999,1.11301,1.11307,1.1134849999999998,1.112915
2020-01-08 10:36:00,1.1130749999999998,1.1130749999999998,1.11286,1.1128749999999998,1.113295,1.11286
2020-01-08 10:37:00,1.112875,1.1128900000000002,1.112765,1.1128149999999999,1.113295,1.112765
2020-01-08 10:38:00,1.11285,1.11288,1.11281,1.1128749999999998,1.113295,1.112765
2020-01-08 10:39:00,1.112955,1.113035,1.11287,1.11301,1.11328,1.112765
2020-01-08 10:40:00,1.113075,1.113135,1.113,1.113135,1.11328,1.112765
2020-01-08 10:41:00,1.113155,1.11318,1.1130900000000001,1.113105,1.11328,1.112765
2020-01-08 10:42:00,1.1131199999999999,1.11313,1.1131,1.113115,1.11328,1.112765
2020-01-08 10:43:00,1.113165,1.113215,1.11311,1.11318,1.11328,1.112765
2020-01-08 10:44:00,1.1132300000000002,1.11328,1.113175,1.11327,1.11328,1.112765
2020-01-08 10:45:00,1.11328,1.11328,1.113185,1.113245,1.11328,1.112765
2020-01-08 10:46:00,1.113255,1.11327,1.11321,1.1132149999999998,1.11328,1.112765
2020-01-08 10:47:00,1.113225,1.11323,1.1130900000000001,1.1131250000000001,1.11328,1.112765
2020-01-08 10:48:00,1.11315,1.113175,1.1131,1.11313,1.11328,1.112765
2020-01-08 10:49:00,1.11315,1.113175,1.113105,1.11313,1.11328,1.112765
2020-01-08 10:50:00,1.113145,1.113165,1.11288,1.11288,1.11328,1.112765
2020-01-08 10:51:00,1.1129449999999999,1.113,1.1128550000000001,1.11299,1.11328,1.112765
2020-01-08 10:52:00,1.112995,1.113005,1.1127349999999998,1.11276,1.11328,1.1127349999999998
2020-01-08 10:53:00,1.1127699999999998,1.11279,1.1127349999999998,1.11277,1.11328,1.1127349999999998
2020-01-08 10:54:00,1.1127850000000001,1.1128049999999998,1.11272,1.1127349999999998,1.11328,1.11272
2020-01-08 10:55:00,1.11282,1.1129,1.1127250000000002,1.1127449999999999,1.11328,1.11272
2020-01-08 10:56:00,1.112755,1.112765,1.1125349999999998,1.1127099999999999,1.11328,1.1125349999999998
2020-01-08 10:57:00,1.1127799999999999,1.112835,1.11267,1.11267,1.11328,1.1125349999999998
2020-01-08 10:58:00,1.1127250000000002,1.112775,1.1126,1.11273,1.11328,1.1125349999999998
2020-01-08 10:59:00,1.11273,1.1127349999999998,1.11265,1.11273,1.11328,1.1125349999999998
2020-01-08 11:00:00,1.112755,1.112775,1.1127,1.1127449999999999,1.11328,1.1125349999999998
2020-01-08 11:01:00,1.112755,1.112765,1.112705,1.1127349999999998,1.11328,1.1125349999999998
2020-01-08 11:02:00,1.11283,1.1129250000000002,1.1127349999999998,1.112905,1.11328,1.1125349999999998
2020-01-08 11:03:00,1.112935,1.11295,1.1129099999999998,1.1129250000000002,1.11328,1.1125349999999998
2020-01-08 11:04:00,1.1130149999999999,1.113095,1.11292,1.113045,1.11328,1.1125349999999998
2020-01-08 11:05:00,1.1130499999999999,1.1130550000000001,1.112965,1.1129799999999999,1.11327,1.1125349999999998
2020-01-08 11:06:00,1.112995,1.113,1.1128550000000001,1.112895,1.11323,1.1125349999999998
2020-01-08 11:07:00,1.1129,1.112905,1.11287,1.11287,1.113175,1.1125349999999998
2020-01-08 11:08:00,1.11288,1.112895,1.112835,1.11284,1.113175,1.1125349999999998
2020-01-08 11:09:00,1.112845,1.112845,1.11279,1.1128,1.113165,1.1125349999999998
2020-01-08 11:10:00,1.11287,1.11294,1.1128,1.112905,1.113095,1.1125349999999998
2020-01-08 11:11:00,1.11293,1.11295,1.1129,1.1129099999999998,1.113095,1.1125349999999998
2020-01-08 11:12:00,1.112965,1.1130149999999999,1.11292,1.11295,1.113095,1.1125349999999998
2020-01-08 11:13:00,1.112945,1.112945,1.1128,1.11286,1.113095,1.1125349999999998
2020-01-08 11:14:00,1.1128749999999998,1.112905,1.1128049999999998,1.1128200000000001,1.113095,1.1125349999999998
2020-01-08 11:15:00,1.112875,1.112915,1.112795,1.1129,1.113095,1.1125349999999998
2020-01-08 11:16:00,1.11292,1.11294,1.1128550000000001,1.1129,1.113095,1.1126
2020-01-08 11:17:00,1.112895,1.112905,1.112795,1.112835,1.113095,1.1126
2020-01-08 11:18:00,1.1128650000000002,1.112895,1.112835,1.11288,1.113095,1.11265
2020-01-08 11:19:00,1.11288,1.11288,1.11279,1.112795,1.113095,1.1127
2020-01-08 11:20:00,1.112805,1.1128200000000001,1.11273,1.1127349999999998,1.113095,1.112705
2020-01-08 11:21:00,1.112755,1.11277,1.11198,1.112145,1.113095,1.11198
2020-01-08 11:22:00,1.112255,1.112365,1.1121249999999998,1.112155,1.113095,1.11198
2020-01-08 11:23:00,1.112215,1.112285,1.11206,1.11213,1.113095,1.11198
2020-01-08 11:24:00,1.112155,1.11219,1.112095,1.1121349999999999,1.1130550000000001,1.11198
2020-01-08 11:25:00,1.1121699999999999,1.1122,1.11209,1.11218,1.1130149999999999,1.11198
2020-01-08 11:26:00,1.1123349999999999,1.112495,1.11218,1.112485,1.1130149999999999,1.11198
2020-01-08 11:27:00,1.11267,1.112845,1.112485,1.11273,1.1130149999999999,1.11198
2020-01-08 11:28:00,1.11279,1.112835,1.1126399999999999,1.1128200000000001,1.1130149999999999,1.11198
2020-01-08 11:29:00,1.112895,1.1129799999999999,1.1128049999999998,1.11285,1.1130149999999999,1.11198
2020-01-08 11:30:00,1.112915,1.11297,1.11283,1.11297,1.1130149999999999,1.11198
2020-01-08 11:31:00,1.11301,1.1130499999999999,1.11287,1.11287,1.1130499999999999,1.11198
2020-01-08 11:32:00,1.11295,1.113035,1.11283,1.112835,1.1130499999999999,1.11198
2020-01-08 11:33:00,1.112875,1.11292,1.1128049999999998,1.11281,1.1130499999999999,1.11198
2020-01-08 11:34:00,1.1128399999999998,1.11288,1.112635,1.1127150000000001,1.1130499999999999,1.11198
2020-01-08 11:35:00,1.1127449999999999,1.112775,1.112665,1.112765,1.1130499999999999,1.11198
2020-01-08 11:36:00,1.112775,1.112775,1.11262,1.112635,1.1130499999999999,1.11198
2020-01-08 11:37:00,1.112635,1.1126399999999999,1.11253,1.11254,1.1130499999999999,1.11198
2020-01-08 11:38:00,1.112585,1.112625,1.1124800000000001,1.11257,1.1130499999999999,1.11198
2020-01-08 11:39:00,1.11265,1.1127349999999998,1.11256,1.112635,1.1130499999999999,1.11198
2020-01-08 11:40:00,1.112655,1.1126749999999999,1.1126049999999998,1.1126749999999999,1.1130499999999999,1.11198
2020-01-08 11:41:00,1.11276,1.11284,1.112665,1.1127099999999999,1.1130499999999999,1.11206
2020-01-08 11:42:00,1.112725,1.1127449999999999,1.112635,1.11274,1.1130499999999999,1.11206
2020-01-08 11:43:00,1.112795,1.11283,1.1127,1.11283,1.1130499999999999,1.11209
2020-01-08 11:44:00,1.11288,1.11293,1.1128,1.1128749999999998,1.1130499999999999,1.11209
2020-01-08 11:45:00,1.1129,1.1129250000000002,1.112825,1.1128900000000002,1.1130499999999999,1.11218
2020-01-08 11:46:00,1.11293,1.112975,1.11288,1.112975,1.1130499999999999,1.1124800000000001
2020-01-08 11:47:00,1.113045,1.11311,1.11296,1.112995,1.11311,1.1124800000000001
2020-01-08 11:48:00,1.1130149999999999,1.1130499999999999,1.11293,1.11301,1.11311,1.1124800000000001
2020-01-08 11:49:00,1.113015,1.113025,1.11281,1.11284,1.11311,1.1124800000000001
2020-01-08 11:50:00,1.1128650000000002,1.1129,1.11277,1.1127799999999999,1.11311,1.1124800000000001
2020-01-08 11:51:00,1.11286,1.1129449999999999,1.112665,1.11269,1.11311,1.1124800000000001
2020-01-08 11:52:00,1.112725,1.11276,1.112505,1.1125099999999999,1.11311,1.1124800000000001
2020-01-08 11:53:00,1.1126049999999998,1.112695,1.11252,1.112575,1.11311,1.1124800000000001
2020-01-08 11:54:00,1.1125850000000002,1.1125850000000002,1.112505,1.112565,1.11311,1.1124800000000001
2020-01-08 11:55:00,1.112575,1.112575,1.11256,1.112565,1.11311,1.1124800000000001
2020-01-08 11:56:00,1.1126,1.11263,1.1125,1.1125,1.11311,1.1124800000000001
2020-01-08 11:57:00,1.11258,1.11266,1.1125,1.112565,1.11311,1.1124800000000001
2020-01-08 11:58:00,1.11263,1.1126800000000001,1.112565,1.112675,1.11311,1.1125
2020-01-08 11:59:00,1.1127,1.11273,1.112655,1.1127250000000002,1.11311,1.1125
2020-01-08 12:00:00,1.11273,1.11273,1.112665,1.11273,1.11311,1.1125
2020-01-08 12:01:00,1.112825,1.1129250000000002,1.1127250000000002,1.1129250000000002,1.11311,1.1125
2020-01-08 12:02:00,1.1129850000000001,1.1130550000000001,1.112895,1.1129250000000002,1.11311,1.1125
2020-01-08 12:03:00,1.112935,1.112935,1.1128749999999998,1.112885,1.11311,1.1125
2020-01-08 12:04:00,1.112935,1.112975,1.112835,1.1128550000000001,1.11311,1.1125
2020-01-08 12:05:00,1.11288,1.112905,1.11279,1.1128,1.11311,1.1125
2020-01-08 12:06:00,1.1128,1.11281,1.112705,1.11272,1.11311,1.1125
2020-01-08 12:07:00,1.112735,1.112755,1.11267,1.1126800000000001,1.1130550000000001,1.1125
2020-01-08 12:08:00,1.1127099999999999,1.1127349999999998,1.1126,1.11262,1.1130550000000001,1.1125
2020-01-08 12:09:00,1.112625,1.112645,1.1125349999999998,1.1125349999999998,1.1130550000000001,1.1125
2020-01-08 12:10:00,1.1126,1.112655,1.112505,1.1126399999999999,1.1130550000000001,1.1125
2020-01-08 12:11:00,1.11269,1.1127349999999998,1.1126399999999999,1.1127349999999998,1.1130550000000001,1.1125
2020-01-08 12:12:00,1.11276,1.1127850000000001,1.11269,1.112755,1.1130550000000001,1.1125
2020-01-08 12:13:00,1.1128149999999999,1.11288,1.11274,1.11287,1.1130550000000001,1.1125
2020-01-08 12:14:00,1.112905,1.112935,1.112835,1.11293,1.1130550000000001,1.1125
2020-01-08 12:15:00,1.11299,1.1130499999999999,1.112895,1.1129,1.1130550000000001,1.1125
2020-01-08 12:16:00,1.11292,1.11294,1.112825,1.11284,1.1130550000000001,1.1125
2020-01-08 12:17:00,1.1128550000000001,1.11287,1.112765,1.112795,1.1130550000000001,1.112505
2020-01-08 12:18:00,1.112795,1.11281,1.112755,1.11276,1.1130550000000001,1.112505
2020-01-08 12:19:00,1.1128149999999999,1.11287,1.11276,1.1128200000000001,1.1130550000000001,1.112505
2020-01-08 12:20:00,1.112905,1.1129950000000002,1.1128200000000001,1.11294,1.1130550000000001,1.112505
2020-01-08 12:21:00,1.11294,1.11294,1.1128749999999998,1.112885,1.1130550000000001,1.112505
2020-01-08 12:22:00,1.1129,1.112905,1.112835,1.1128749999999998,1.1130499999999999,1.112505
2020-01-08 12:23:00,1.11295,1.113025,1.112865,1.11301,1.1130499999999999,1.112505
2020-01-08 12:24:00,1.11301,1.11301,1.112835,1.112845,1.1130499999999999,1.112505
2020-01-08 12:25:00,1.11286,1.11286,1.11267,1.11272,1.1130499999999999,1.112505
2020-01-08 12:26:00,1.1127099999999999,1.1127099999999999,1.11267,1.1127099999999999,1.1130499999999999,1.112505
2020-01-08 12:27:00,1.1127150000000001,1.11272,1.1126049999999998,1.1126049999999998,1.1130499999999999,1.112505
2020-01-08 12:28:00,1.112615,1.11262,1.1122,1.11238,1.1130499999999999,1.1122
2020-01-08 12:29:00,1.11245,1.11252,1.1123699999999999,1.11249,1.1130499999999999,1.1122
2020-01-08 12:30:00,1.11249,1.112495,1.112415,1.1124749999999999,1.1130499999999999,1.1122
2020-01-08 12:31:00,1.1124749999999999,1.1124749999999999,1.11222,1.112325,1.1130499999999999,1.1122
2020-01-08 12:32:00,1.11236,1.112395,1.11222,1.112335,1.1130499999999999,1.1122
2020-01-08 12:33:00,1.11239,1.11245,1.11229,1.112435,1.1130499999999999,1.1122
2020-01-08 12:34:00,1.11247,1.1125,1.11239,1.112425,1.1130499999999999,1.1122
2020-01-08 12:35:00,1.11252,1.112625,1.11242,1.112595,1.113025,1.1122
2020-01-08 12:36:00,1.11261,1.112625,1.11254,1.112565,1.113025,1.1122
2020-01-08 12:37:00,1.112565,1.112565,1.1124550000000002,1.1125,1.113025,1.1122
2020-01-08 12:38:00,1.1125099999999999,1.11252,1.11239,1.11242,1.113025,1.1122
2020-01-08 12:39:00,1.1124649999999998,1.11252,1.1124,1.1125150000000001,1.113025,1.1122
2020-01-08 12:40:00,1.112525,1.112525,1.11227,1.112285,1.113025,1.1122
2020-01-08 12:41:00,1.112285,1.11229,1.1122,1.1122450000000002,1.113025,1.1122
2020-01-08 12:42:00,1.11234,1.1124399999999999,1.11223,1.11238,1.113025,1.1122
2020-01-08 12:43:00,1.11239,1.1124,1.1122649999999998,1.11231,1.11301,1.1122
2020-01-08 12:44:00,1.1123349999999999,1.11235,1.11219,1.112255,1.11286,1.11219
2020-01-08 12:45:00,1.11226,1.11227,1.1118450000000002,1.11192,1.11272,1.1118450000000002
2020-01-08 12:46:00,1.112085,1.11225,1.11192,1.11225,1.11272,1.1118450000000002
2020-01-08 12:47:00,1.11231,1.1123850000000002,1.112225,1.11236,1.112625,1.1118450000000002
2020-01-08 12:48:00,1.1124100000000001,1.11245,1.112215,1.1122800000000002,1.112625,1.1118450000000002
2020-01-08 12:49:00,1.112285,1.11229,1.1121699999999999,1.112235,1.112625,1.1118450000000002
2020-01-08 12:50:00,1.11226,1.112295,1.1122100000000001,1.112235,1.112625,1.1118450000000002
2020-01-08 12:51:00,1.112275,1.112325,1.1122200000000002,1.1122800000000002,1.112625,1.1118450000000002
2020-01-08 12:52:00,1.1123150000000002,1.112335,1.11199,1.1120299999999999,1.112625,1.1118450000000002
2020-01-08 12:53:00,1.112045,1.11206,1.111785,1.111825,1.112625,1.111785
2020-01-08 12:54:00,1.11189,1.1119400000000002,1.1118350000000001,1.11189,1.112625,1.111785
2020-01-08 12:55:00,1.1119400000000002,1.11199,1.1118350000000001,1.111955,1.112625,1.111785
2020-01-08 12:56:00,1.111985,1.11201,1.111785,1.11179,1.112565,1.111785
2020-01-08 12:57:00,1.111785,1.11179,1.11138,1.11163,1.112525,1.11138
2020-01-08 12:58:00,1.111685,1.111725,1.11145,1.111535,1.112525,1.11138
2020-01-08 12:59:00,1.11161,1.111685,1.111535,1.111675,1.112525,1.11138
2020-01-08 13:00:00,1.111745,1.111815,1.1115149999999998,1.111575,1.11245,1.11138
2020-01-08 13:01:00,1.111605,1.11162,1.11134,1.11144,1.11245,1.11134
2020-01-08 13:02:00,1.1115599999999999,1.111685,1.111425,1.111625,1.11245,1.11134
2020-01-08 13:03:00,1.11164,1.11166,1.111415,1.111565,1.11245,1.11134
2020-01-08 13:04:00,1.11171,1.11185,1.111535,1.111735,1.11245,1.11134
2020-01-08 13:05:00,1.1117949999999999,1.11185,1.11168,1.11179,1.11245,1.11134
2020-01-08 13:06:00,1.111855,1.11193,1.11172,1.11178,1.11245,1.11134
2020-01-08 13:07:00,1.1117750000000002,1.1117750000000002,1.1116549999999998,1.11168,1.11245,1.11134
2020-01-08 13:08:00,1.1118199999999998,1.11195,1.11168,1.111785,1.112335,1.11134
2020-01-08 13:09:00,1.111785,1.111785,1.111545,1.11158,1.112335,1.11134
2020-01-08 13:10:00,1.111665,1.11175,1.1115149999999998,1.1115949999999999,1.112335,1.11134
2020-01-08 13:11:00,1.11161,1.11162,1.1114,1.111405,1.112335,1.11134
2020-01-08 13:12:00,1.111405,1.111415,1.11128,1.11128,1.11206,1.11128
2020-01-08 13:13:00,1.111395,1.11151,1.11124,1.11151,1.11201,1.11124
2020-01-08 13:14:00,1.11163,1.111735,1.11151,1.11164,1.11201,1.11124
2020-01-08 13:15:00,1.1116549999999998,1.111695,1.111125,1.111345,1.11201,1.111125
2020-01-08 13:16:00,1.111415,1.1114950000000001,1.11125,1.111265,1.11195,1.111125
2020-01-08 13:17:00,1.111305,1.11136,1.11124,1.111285,1.11195,1.111125
2020-01-08 13:18:00,1.111365,1.111445,1.1112700000000002,1.11129,1.11195,1.111125
2020-01-08 13:19:00,1.111455,1.1116000000000001,1.1113,1.1115849999999998,1.11195,1.111125
2020-01-08 13:20:00,1.111695,1.111795,1.111575,1.11175,1.11195,1.111125
2020-01-08 13:21:00,1.11177,1.11179,1.1116350000000002,1.11172,1.11195,1.111125
2020-01-08 13:22:00,1.11173,1.111745,1.1115650000000001,1.1115949999999999,1.11195,1.111125
2020-01-08 13:23:00,1.11161,1.111625,1.1115650000000001,1.11157,1.11195,1.111125
2020-01-08 13:24:00,1.111575,1.11158,1.11141,1.11148,1.11195,1.111125
2020-01-08 13:25:00,1.111545,1.111605,1.11148,1.111555,1.11195,1.111125
2020-01-08 13:26:00,1.111545,1.11155,1.11145,1.111455,1.11195,1.111125
2020-01-08 13:27:00,1.111465,1.11148,1.11134,1.11147,1.11195,1.111125
2020-01-08 13:28:00,1.111515,1.111555,1.11138,1.1115050000000002,1.111795,1.111125
2020-01-08 13:29:00,1.1114950000000001,1.1115,1.111375,1.1114549999999999,1.111795,1.111125
2020-01-08 13:30:00,1.11151,1.1115599999999999,1.111445,1.11152,1.111795,1.111125
2020-01-08 13:31:00,1.1115599999999999,1.1116000000000001,1.11151,1.11155,1.111795,1.111125
2020-01-08 13:32:00,1.1115599999999999,1.1115849999999998,1.1115,1.1115650000000001,1.111795,1.111125
2020-01-08 13:33:00,1.1116000000000001,1.111625,1.1115050000000002,1.1115149999999998,1.111795,1.111125
2020-01-08 13:34:00,1.1115599999999999,1.111605,1.1115050000000002,1.1115650000000001,1.111795,1.111125
2020-01-08 13:35:00,1.111675,1.11179,1.111545,1.11178,1.111795,1.11124
2020-01-08 13:36:00,1.111855,1.111935,1.11178,1.11181,1.111935,1.11124
2020-01-08 13:37:00,1.11185,1.11189,1.1117599999999999,1.1118000000000001,1.111935,1.1112700000000002
2020-01-08 13:38:00,1.1118299999999999,1.1118549999999998,1.1117650000000001,1.1118549999999998,1.111935,1.1113
2020-01-08 13:39:00,1.1118899999999998,1.1119249999999998,1.11185,1.111915,1.111935,1.11134
2020-01-08 13:40:00,1.11195,1.1119949999999998,1.1118549999999998,1.111915,1.1119949999999998,1.11134
2020-01-08 13:41:00,1.111945,1.1119750000000002,1.111785,1.111785,1.1119949999999998,1.11134
2020-01-08 13:42:00,1.11182,1.11185,1.11175,1.111815,1.1119949999999998,1.11134
2020-01-08 13:43:00,1.1118350000000001,1.1118549999999998,1.11177,1.1118000000000001,1.1119949999999998,1.11134
2020-01-08 13:44:00,1.111795,1.111795,1.11158,1.1116000000000001,1.1119949999999998,1.11134
2020-01-08 13:45:00,1.111655,1.1117050000000002,1.111575,1.111695,1.1119949999999998,1.11134
2020-01-08 13:46:00,1.111745,1.111805,1.111685,1.1117750000000002,1.1119949999999998,1.11134
2020-01-08 13:47:00,1.1119050000000001,1.112015,1.11178,1.11198,1.112015,1.111375
2020-01-08 13:48:00,1.11199,1.11201,1.1117599999999999,1.11179,1.112015,1.111375
2020-01-08 13:49:00,1.1118100000000002,1.1118299999999999,1.111615,1.111775,1.112015,1.111445
2020-01-08 13:50:00,1.11179,1.111825,1.11168,1.1118000000000001,1.112015,1.1115
2020-01-08 13:51:00,1.111855,1.1119050000000001,1.11181,1.1118649999999999,1.112015,1.1115
2020-01-08 13:52:00,1.111915,1.111965,1.1118700000000001,1.111965,1.112015,1.1115050000000002
2020-01-08 13:53:00,1.1120450000000002,1.11213,1.11193,1.1120700000000001,1.11213,1.1115050000000002
2020-01-08 13:54:00,1.1120999999999999,1.1121249999999998,1.112075,1.11212,1.11213,1.111545
2020-01-08 13:55:00,1.11212,1.11212,1.1119949999999998,1.11201,1.11213,1.111575
2020-01-08 13:56:00,1.112125,1.11223,1.111985,1.112225,1.11223,1.111575
2020-01-08 13:57:00,1.112225,1.112225,1.112085,1.1121750000000001,1.11223,1.111575
2020-01-08 13:58:00,1.11218,1.112185,1.1120800000000002,1.112085,1.11223,1.111575
2020-01-08 13:59:00,1.11209,1.11209,1.111985,1.112,1.11223,1.111575
2020-01-08 14:00:00,1.112055,1.1121150000000002,1.1119750000000002,1.1121050000000001,1.11223,1.111575
2020-01-08 14:01:00,1.11218,1.1122649999999998,1.11202,1.112215,1.1122649999999998,1.111575
2020-01-08 14:02:00,1.112215,1.112215,1.11193,1.1119750000000002,1.1122649999999998,1.111575
2020-01-08 14:03:00,1.11198,1.111985,1.111805,1.11187,1.1122649999999998,1.111575
2020-01-08 14:04:00,1.111885,1.11191,1.11184,1.11188,1.1122649999999998,1.111575
2020-01-08 14:05:00,1.111895,1.11191,1.11185,1.111895,1.1122649999999998,1.111615
2020-01-08 14:06:00,1.1118999999999999,1.111915,1.1117750000000002,1.111785,1.1122649999999998,1.111615
2020-01-08 14:07:00,1.111855,1.1119249999999998,1.11175,1.11191,1.1122649999999998,1.111615
2020-01-08 14:08:00,1.1119599999999998,1.112015,1.11189,1.11201,1.1122649999999998,1.111615
2020-01-08 14:09:00,1.112025,1.112055,1.111955,1.112055,1.1122649999999998,1.11168
2020-01-08 14:10:00,1.11212,1.11218,1.1120299999999999,1.1121699999999999,1.1122649999999998,1.11175
2020-01-08 14:11:00,1.1121750000000001,1.1121949999999998,1.11211,1.11212,1.1122649999999998,1.11175
2020-01-08 14:12:00,1.112145,1.112165,1.11211,1.112165,1.1122649999999998,1.11175
2020-01-08 14:13:00,1.1121699999999999,1.1121699999999999,1.1121150000000002,1.112145,1.1122649999999998,1.11175
2020-01-08 14:14:00,1.1121699999999999,1.11219,1.112075,1.1121349999999999,1.1122649999999998,1.11175
2020-01-08 14:15:00,1.1121349999999999,1.1121400000000001,1.112025,1.1120700000000001,1.1122649999999998,1.11175
2020-01-08 14:16:00,1.112085,1.112095,1.112005,1.112095,1.1122649999999998,1.11175
2020-01-08 14:17:00,1.1121349999999999,1.112165,1.11208,1.11215,1.1122649999999998,1.11175
2020-01-08 14:18:00,1.112265,1.11238,1.11215,1.11238,1.11238,1.11175
2020-01-08 14:19:00,1.112385,1.1124049999999999,1.11233,1.11234,1.1124049999999999,1.11175
2020-01-08 14:20:00,1.112365,1.11238,1.11226,1.11229,1.1124049999999999,1.11175
2020-01-08 14:21:00,1.112365,1.112425,1.112285,1.1123750000000001,1.112425,1.11175
2020-01-08 14:22:00,1.11238,1.11238,1.1121949999999998,1.1121949999999998,1.112425,1.11175
2020-01-08 14:23:00,1.11226,1.11232,1.11219,1.112305,1.112425,1.11175
2020-01-08 14:24:00,1.11231,1.11232,1.112285,1.11231,1.112425,1.11175
2020-01-08 14:25:00,1.112305,1.112305,1.1122649999999998,1.11227,1.112425,1.11175
2020-01-08 14:26:00,1.11229,1.11231,1.1122649999999998,1.1122800000000002,1.112425,1.11175
2020-01-08 14:27:00,1.112335,1.11238,1.112285,1.11238,1.112425,1.11189
2020-01-08 14:28:00,1.112435,1.11249,1.1123699999999999,1.11249,1.11249,1.111955
2020-01-08 14:29:00,1.1124800000000001,1.1124800000000001,1.112435,1.11247,1.11249,1.112005
2020-01-08 14:30:00,1.112585,1.112685,1.1124749999999999,1.1126800000000001,1.112685,1.112005
2020-01-08 14:31:00,1.1126800000000001,1.11269,1.11245,1.112565,1.11269,1.112005
2020-01-08 14:32:00,1.112555,1.112555,1.112365,1.11242,1.11269,1.112005
2020-01-08 14:33:00,1.112435,1.11245,1.11236,1.11238,1.11269,1.112005
2020-01-08 14:34:00,1.112385,1.112395,1.1122649999999998,1.11229,1.11269,1.112005
2020-01-08 14:35:00,1.112295,1.112295,1.112155,1.11216,1.11269,1.112005
2020-01-08 14:36:00,1.112165,1.11219,1.112085,1.112095,1.11269,1.11208
2020-01-08 14:37:00,1.1120999999999999,1.1120999999999999,1.11193,1.111955,1.11269,1.11193
2020-01-08 14:38:00,1.111955,1.111955,1.1117599999999999,1.111785,1.11269,1.1117599999999999
2020-01-08 14:39:00,1.111855,1.1119249999999998,1.11178,1.11188,1.11269,1.1117599999999999
2020-01-08 14:40:00,1.111935,1.1119949999999998,1.111875,1.111985,1.11269,1.1117599999999999
2020-01-08 14:41:00,1.111995,1.112,1.111915,1.11192,1.11269,1.1117599999999999
2020-01-08 14:42:00,1.111935,1.11195,1.1118700000000001,1.111905,1.11269,1.1117599999999999
2020-01-08 14:43:00,1.11193,1.111965,1.1118299999999999,1.111885,1.11269,1.1117599999999999
2020-01-08 14:44:00,1.11189,1.11189,1.1117750000000002,1.1118549999999998,1.11269,1.1117599999999999
2020-01-08 14:45:00,1.1119249999999998,1.11199,1.11177,1.1119750000000002,1.11269,1.1117599999999999
2020-01-08 14:46:00,1.11201,1.11206,1.11196,1.112055,1.11269,1.1117599999999999
2020-01-08 14:47:00,1.11209,1.1121249999999998,1.111985,1.112075,1.11269,1.1117599999999999
2020-01-08 14:48:00,1.112085,1.1120999999999999,1.112015,1.1120199999999998,1.11269,1.1117599999999999
2020-01-08 14:49:00,1.112095,1.112165,1.1120199999999998,1.112095,1.11269,1.1117599999999999
2020-01-08 14:50:00,1.112175,1.112255,1.112055,1.11224,1.11269,1.1117599999999999
2020-01-08 14:51:00,1.112365,1.112485,1.112215,1.1124649999999998,1.112555,1.1117599999999999
2020-01-08 14:52:00,1.1124649999999998,1.1124649999999998,1.1123150000000002,1.11234,1.112485,1.1117599999999999
2020-01-08 14:53:00,1.112425,1.1125099999999999,1.112325,1.11247,1.1125099999999999,1.1117599999999999
2020-01-08 14:54:00,1.1124749999999999,1.112485,1.11235,1.112365,1.1125099999999999,1.1117599999999999
2020-01-08 14:55:00,1.1123699999999999,1.11238,1.1122649999999998,1.112355,1.1125099999999999,1.1117599999999999
2020-01-08 14:56:00,1.11236,1.112365,1.11227,1.112305,1.1125099999999999,1.1117599999999999
2020-01-08 14:57:00,1.112305,1.112305,1.1122100000000001,1.112215,1.1125099999999999,1.1117599999999999
2020-01-08 14:58:00,1.11231,1.1124,1.112215,1.11238,1.1125099999999999,1.11177
2020-01-08 14:59:00,1.112455,1.11254,1.112365,1.1124450000000001,1.11254,1.11177
2020-01-08 15:00:00,1.11249,1.11252,1.112345,1.1124399999999999,1.11254,1.11177
2020-01-08 15:01:00,1.112485,1.1125500000000001,1.112395,1.112465,1.1125500000000001,1.11177
2020-01-08 15:02:00,1.11249,1.1125150000000001,1.112255,1.1124649999999998,1.1125500000000001,1.11177
2020-01-08 15:03:00,1.11259,1.112705,1.1124749999999999,1.11267,1.112705,1.11177
2020-01-08 15:04:00,1.1127150000000001,1.112765,1.1126,1.112765,1.112765,1.11177
2020-01-08 15:05:00,1.1127850000000001,1.11281,1.1127150000000001,1.112765,1.11281,1.11196
2020-01-08 15:06:00,1.11287,1.11297,1.112765,1.112935,1.11297,1.111985
2020-01-08 15:07:00,1.113015,1.1130849999999999,1.112935,1.113035,1.1130849999999999,1.112015
2020-01-08 15:08:00,1.11305,1.1130650000000002,1.11299,1.11301,1.1130849999999999,1.1120199999999998
2020-01-08 15:09:00,1.11301,1.11301,1.1128749999999998,1.1129099999999998,1.1130849999999999,1.112055
2020-01-08 15:10:00,1.1129699999999998,1.11303,1.1128900000000002,1.112975,1.1130849999999999,1.1122100000000001
2020-01-08 15:11:00,1.113025,1.1130749999999998,1.11288,1.1130200000000001,1.1130849999999999,1.1122100000000001
2020-01-08 15:12:00,1.11304,1.11307,1.1129799999999999,1.1129799999999999,1.1130849999999999,1.1122100000000001
2020-01-08 15:13:00,1.1129950000000002,1.113025,1.112935,1.11294,1.1130849999999999,1.1122100000000001
2020-01-08 15:14:00,1.113005,1.113065,1.112935,1.11301,1.1130849999999999,1.1122100000000001
2020-01-08 15:15:00,1.113035,1.1130550000000001,1.1128749999999998,1.11288,1.1130849999999999,1.1122100000000001
2020-01-08 15:16:00,1.112895,1.1129,1.11281,1.112825,1.1130849999999999,1.1122100000000001
2020-01-08 15:17:00,1.11283,1.112845,1.112705,1.11281,1.1130849999999999,1.112215
2020-01-08 15:18:00,1.11289,1.112975,1.112765,1.11292,1.1130849999999999,1.112255
2020-01-08 15:19:00,1.11294,1.11296,1.112765,1.112765,1.1130849999999999,1.112255
2020-01-08 15:20:00,1.112865,1.1129699999999998,1.1126399999999999,1.112665,1.1130849999999999,1.112255
2020-01-08 15:21:00,1.112685,1.112705,1.11254,1.112565,1.1130849999999999,1.112255
2020-01-08 15:22:00,1.11259,1.112615,1.112555,1.1126,1.1130849999999999,1.1124749999999999
2020-01-08 15:23:00,1.1126,1.1126049999999998,1.1124200000000002,1.1124550000000002,1.1130849999999999,1.1124200000000002
